0	FILE_MANIFEST.tsv
0	git/STAGED_CHANGES_NO_SECRETS.patch
5	git/UPSTREAM_BRANCH.txt
30	xxp_official/.git/refs/remotes/origin/HEAD
41	git/UPSTREAM_COMMIT.txt
41	xxp_official/.git/HEAD
41	xxp_official/.git/refs/heads/main
73	xxp_official/.git/description
74	xxp_official/requirements.txt
112	xxp_official/.git/packed-refs
132	xxp_official/.git/objects/pack/pack-649f4e57a29dcfda9ff63a6604e92db6490b679b.rev
141	git/UPSTREAM_REMOTES.txt
189	xxp_official/.git/hooks/post-update.sample
198	xxp_official/.git/logs/refs/heads/main
198	xxp_official/.git/logs/refs/remotes/origin/HEAD
227	stage8b_handoff/run_stage8a_freeze_FIXED.sh
240	xxp_official/.git/info/exclude
275	xxp_official/.git/config
340	upstream_modified/src/dynamic_mm_fc/templates/justi_gen.py
400	xxp_official/.git/logs/HEAD
416	workspace_scripts/run_averimatec_eval_patched.sh
416	xxp_official/.git/hooks/pre-merge-commit.sample
424	xxp_official/.git/hooks/pre-applypatch.sample
473	xxp_official/.git/index
478	xxp_official/.git/hooks/applypatch-msg.sample
528	stage8b_handoff/run_stage7.sh
544	xxp_official/.git/hooks/pre-receive.sample
565	ablations_and_analysis/build_addonly_eval_input.py
565	workspace_scripts/build_addonly_eval_input.py
600	ablations_and_analysis/build_xxp_real_eval_input.py
600	workspace_scripts/build_xxp_real_eval_input.py
896	xxp_official/.git/hooks/commit-msg.sample
914	ablations_and_analysis/build_addonly_eval_input_FIXED.py
914	workspace_scripts/build_addonly_eval_input_FIXED.py
919	efficiency/run_eff152_sequential.sh
919	workspace_scripts/run_eff152_sequential.sh
925	README_CODE_MAP.md
926	upstream_modified/src/dynamic_mm_fc/templates/verify_gen.py
1345	xxp_official/README.md
1374	xxp_official/.git/hooks/pre-push.sample
1492	xxp_official/.git/hooks/prepare-commit-msg.sample
1519	git/WORKING_TREE_STATUS.txt
1545	vacf_core/run_test352_stage7.sh
1545	workspace_scripts/run_test352_stage7.sh
1598	upstream_modified/prepare_submission/qa_to_evidence.py
1626	upstream_modified/templates/qa_to_evid_demos.txt
1632	xxp_official/.git/objects/pack/pack-649f4e57a29dcfda9ff63a6604e92db6490b679b.idx
1643	xxp_official/.git/hooks/pre-commit.sample
1993	downstream/run_xxp_test352.py
1993	workspace_scripts/run_xxp_test352.py
2007	downstream/run_xxp_val_RAWURL.py
2007	workspace_scripts/run_xxp_val_RAWURL.py
2044	ablations_and_analysis/stage10f_addonly_fusion.py
2044	workspace_scripts/stage10f_addonly_fusion.py
2308	xxp_official/.git/hooks/sendemail-validate.sample
2319	ablations_and_analysis/make_stage10f_eval_input.py
2319	workspace_scripts/make_stage10f_eval_input.py
2325	downstream/run_xxp_val_evidence_only.py
2325	workspace_scripts/run_xxp_val_evidence_only.py
2708	upstream_modified/src/dynamic_mm_fc/summarizer.py
2753	upstream_modified/src/dynamic_mm_fc/utils.py
2783	xxp_official/.git/hooks/push-to-checkout.sample
3069	upstream_modified/templates/ques_evaluation_text.txt
3113	upstream_modified/src/config.py
3415	downstream/run_xxp_test352_downstream.py
3415	workspace_scripts/run_xxp_test352_downstream.py
3428	downstream/run_candidate_y_test352_downstream.py
3428	workspace_scripts/run_candidate_y_test352_downstream.py
3494	upstream_modified/src/dynamic_mm_fc/templates/plan_gen.py
3650	xxp_official/.git/hooks/update.sample
3680	upstream_modified/templates/justi_evaluation_text.txt
4087	upstream_modified/templates/evid_evaluation_joint.py
4539	upstream_modified/src/dynamic_mm_fc/conv_utils/qa_to_evidence.py
4726	xxp_official/.git/hooks/fsmonitor-watchman.sample
4803	stage8b_handoff/stage7_eval.py
4862	upstream_modified/prepare_submission/utils.py
4898	xxp_official/.git/hooks/pre-rebase.sample
5473	ablations_and_analysis/stage9e_rrf_search.py
5473	workspace_scripts/stage9e_rrf_search.py
5561	upstream_modified/src/dynamic_mm_fc/templates/ques_gen.py
5732	stage8b_handoff/stage7_run_expert.py
5826	ablations_and_analysis/stage9f_generate_queries.py
5826	workspace_scripts/stage9f_generate_queries.py
5903	vacf_core/stage8c_restore_context.py
5903	workspace_scripts/stage8c_restore_context.py
6184	vacf_core/stage8c_restore_context_64.py
6184	workspace_scripts/stage8c_restore_context_64.py
6197	vacf_core/stage8c_restore_context_test352.py
6197	workspace_scripts/stage8c_restore_context_test352.py
6199	vacf_core/stage8c_restore_context_val152.py
6199	workspace_scripts/stage8c_restore_context_val152.py
6255	evaluation/eval_val152_question_justification.py
6255	workspace_scripts/eval_val152_question_justification.py
6308	downstream/recover_xxp_val152_urls.py
6308	workspace_scripts/recover_xxp_val152_urls.py
6388	ablations_and_analysis/stage10d_cal64_rrf.py
6388	workspace_scripts/stage10d_cal64_rrf.py
6964	upstream_modified/templates/evid_evaluation_text.txt
7127	upstream_modified/prepare_submission/eval_offline.py
7127	upstream_modified/prepare_submission/eval_offline_ORIGINAL.py
7296	upstream_modified/src/dynamic_mm_fc/qa_model.py
7551	upstream_modified/prepare_submission/eval_offline_patched.py
7885	ablations_and_analysis/stage9_xxp_teacher_audit.py
7885	workspace_scripts/stage9_xxp_teacher_audit.py
8080	ablations_and_analysis/stage9b_bm25_prefilter.py
8080	workspace_scripts/stage9b_bm25_prefilter.py
8616	downstream/run_val152_downstream.py
8616	workspace_scripts/run_val152_downstream.py
8672	workspace_scripts/export_vacf_unique_final.sh
8876	evaluation/stage8b_eval_test352.py
8876	workspace_scripts/stage8b_eval_test352.py
8966	evaluation/stage8b_eval_cal64.py
8966	workspace_scripts/stage8b_eval_cal64.py
9044	ablations_and_analysis/stage10f_eval_cal64_GREEDY.py
9044	workspace_scripts/stage10f_eval_cal64_GREEDY.py
9441	ablations_and_analysis/stage10a_cal64_bm25.py
9441	workspace_scripts/stage10a_cal64_bm25.py
9494	ablations_and_analysis/stage10a_cal64_bm25_BEFORE_TIE_FIX.py
9494	workspace_scripts/stage10a_cal64_bm25_BEFORE_TIE_FIX.py
9525	evaluation/stage10f_eval_cal64_seeded.py
9525	workspace_scripts/stage10f_eval_cal64_seeded.py
9604	ablations_and_analysis/stage10c_cal64_qwen_reranker.py
9604	workspace_scripts/stage10c_cal64_qwen_reranker.py
9969	evaluation/stage10f_eval_cal64_FINAL_seeded.py
9969	workspace_scripts/stage10f_eval_cal64_FINAL_seeded.py
10026	ablations_and_analysis/stage10f_eval_tail18_FINAL_seeded.py
10026	workspace_scripts/stage10f_eval_tail18_FINAL_seeded.py
10033	evaluation/stage10f_eval_val152_FINAL_seeded.py
10033	workspace_scripts/stage10f_eval_val152_FINAL_seeded.py
10164	evaluation/stage10f_eval_val152_OOMSAFE.py
10164	workspace_scripts/stage10f_eval_val152_OOMSAFE.py
10323	upstream_modified/src/dynamic_mm_fc/planner.py
10412	evaluation/stage10f_eval_val152_KVOFFLOAD.py
10412	workspace_scripts/stage10f_eval_val152_KVOFFLOAD.py
10541	upstream_modified/templates/evid_evaluation_text_seperate.txt
10718	workspace_scripts/export_vacf_code_final.sh
10744	evaluation/stage10f_eval_val152_HYBRID_CPUOFFLOAD.py
10744	evaluation/stage10f_eval_val152_HYBRID_CPUOFFLOAD_42G.py
10744	workspace_scripts/stage10f_eval_val152_HYBRID_CPUOFFLOAD.py
10744	workspace_scripts/stage10f_eval_val152_HYBRID_CPUOFFLOAD_42G.py
10903	ablations_and_analysis/stage10e_protected_fusion.py
10903	workspace_scripts/stage10e_protected_fusion.py
11115	ablations_and_analysis/stage9d_qwen_cross_rerank.py
11115	workspace_scripts/stage9d_qwen_cross_rerank.py
11424	xxp_official/GenerationLLMHandler.py
11909	xxp_official/run_pipeline.py
11920	ablations_and_analysis/build_val152_ablations.py
11920	workspace_scripts/build_val152_ablations.py
11928	xxp_official/run_pipeline_with_urls.py
12131	ablations_and_analysis/stage9c_qwen_rerank.py
12131	workspace_scripts/stage9c_qwen_rerank.py
12679	ablations_and_analysis/stage9h_vlm_semantic.py
12679	workspace_scripts/stage9h_vlm_semantic.py
12836	ablations_and_analysis/stage9g_multiquery_bm25.py
12836	workspace_scripts/stage9g_multiquery_bm25.py
13425	upstream_modified/src/dynamic_mm_fc/verifier.py
13506	upstream_modified/src/dynamic_mm_fc/justification_gen.py
13624	xxp_official/EvidenceRetriever.py
14468	workspace_scripts/export_vacf_final.sh
14540	ablations_and_analysis/stage10b_cal64_qwen_semantic.py
14540	workspace_scripts/stage10b_cal64_qwen_semantic.py
14762	stage8b_handoff/stage8a_freeze_evidence_FIXED.py
14764	vacf_core/stage8a_freeze_val152.py
14764	workspace_scripts/stage8a_freeze_val152.py
14821	stage8b_handoff/stage8a_freeze_test352.py
15822	upstream_modified/src/dynamic_mm_fc/web_related/web_utils.py
16148	workspace_scripts/export_vacf_final_v2.sh
16512	ablations_and_analysis/stage9a_qwen_text_rescue.py
16512	workspace_scripts/stage9a_qwen_text_rescue.py
16776	xxp_official/.git/objects/pack/pack-649f4e57a29dcfda9ff63a6604e92db6490b679b.pack
19019	upstream_modified/prepare_submission/ref_eval.py
21839	upstream_modified/src/mm_checker.py
22446	stage8b_handoff/__pycache__/stage8a_freeze_evidence_FIXED.cpython-312.pyc
22513	stage8b_handoff/__pycache__/stage8a_freeze_test352.cpython-312.pyc
24852	efficiency/benchmark_val152_efficiency.py
24852	workspace_scripts/benchmark_val152_efficiency.py
25474	git/LOCAL_CHANGES_NO_SECRETS.patch
33277	upstream_modified/src/dynamic_mm_fc/tools.py
42807	upstream_modified/src/dynamic_mm_fc/qg_model.py
133817	git/UPSTREAM_FULL_HISTORY.bundle
